{
  "loss": 0.2917718291282654,
  "val_loss": 0.229154571890831,
  "epoch": 199,
  "global_step": 200
}