{
  "loss": 0.32135504484176636,
  "val_loss": 0.2737545669078827,
  "epoch": 199,
  "global_step": 200
}